,nome,nota1,nota2,faltas,media,aprovacao
1,Meg,10,2,3,6.0,reprovado
2,Sheree,4,10,7,7.0,aprovado
3,Cacilie,2,8,6,5.0,reprovado
4,Ermengarde,2,9,9,5.5,reprovado
5,Myrtice,9,8,6,8.5,aprovado
6,Emma,4,2,5,3.0,reprovado
7,Christian,6,5,1,5.5,reprovado
8,Janis,9,2,3,5.5,reprovado
9,Kary,2,1,5,1.5,reprovado
10,Fayre,6,10,6,8.0,aprovado
11,Mallory,3,6,7,4.5,reprovado
12,Kial,1,2,1,1.5,reprovado
13,Sam,3,6,8,4.5,reprovado
14,Harrietta,8,5,2,6.5,reprovado
15,Nollie,7,6,4,6.5,reprovado
16,Rozele,10,8,2,9.0,aprovado
17,Dulcinea,10,10,5,10.0,aprovado
18,Sophia,5,9,2,7.0,aprovado
19,Odessa,5,1,6,3.0,reprovado
20,Anica,9,8,5,8.5,aprovado
21,Magdalena,4,8,3,6.0,reprovado
22,June,7,1,6,4.0,reprovado
23,Viki,4,7,4,5.5,reprovado
24,Tera,5,6,2,5.5,reprovado
25,Gretal,5,3,2,4.0,reprovado
26,Olwen,4,8,7,6.0,reprovado
27,Oona,3,5,4,4.0,reprovado
28,Linzy,10,10,7,10.0,aprovado
29,Jacquetta,10,6,8,8.0,aprovado
30,Gisela,7,10,9,8.5,aprovado
31,Regina,5,9,4,7.0,aprovado
32,Dode,4,9,5,6.5,reprovado
33,Lenna,10,3,10,6.5,reprovado
34,Cyb,4,2,6,3.0,reprovado
35,Viviene,8,4,10,6.0,reprovado
36,Amelia,9,7,7,8.0,aprovado
37,Etta,3,7,4,5.0,reprovado
38,Gabi,1,8,4,4.5,reprovado
39,Angela,6,10,8,8.0,aprovado
40,Concettina,4,10,8,7.0,aprovado
41,Ardenia,3,3,5,3.0,reprovado
42,Bernardine,10,8,2,9.0,aprovado
43,Cam,10,5,1,7.5,aprovado
44,Moyna,9,5,1,7.0,aprovado
45,Shaylyn,2,5,9,3.5,reprovado
46,Ermengarde,4,8,6,6.0,reprovado
47,Sissy,7,9,8,8.0,aprovado
48,Jean,8,9,1,8.5,aprovado
49,Kathi,5,2,4,3.5,reprovado
50,Nikki,5,1,2,3.0,reprovado
51,Belinda,6,8,4,7.0,aprovado
52,Blondelle,1,9,5,5.0,reprovado
53,Caryl,8,3,4,5.5,reprovado
54,Fernande,6,10,6,8.0,aprovado
55,Stephanie,1,9,4,5.0,reprovado
56,Helsa,9,5,7,7.0,aprovado
57,Elvira,8,6,1,7.0,aprovado
58,Catrina,1,4,6,2.5,reprovado
59,Cathyleen,6,3,6,4.5,reprovado
60,Selma,4,4,2,4.0,reprovado
61,Dorothy,3,6,3,4.5,reprovado
62,Wynne,2,2,2,2.0,reprovado
63,Frieda,2,4,3,3.0,reprovado
64,Mellicent,9,8,7,8.5,aprovado
65,Cassondra,4,3,1,3.5,reprovado
66,Britni,9,3,10,6.0,reprovado
67,Karolina,4,7,8,5.5,reprovado
68,Caressa,9,8,4,8.5,aprovado
69,Ivett,5,10,4,7.5,aprovado
70,Pollyanna,3,5,9,4.0,reprovado
71,Esmeralda,4,9,8,6.5,reprovado
72,Delilah,10,3,10,6.5,reprovado
73,Maridel,9,2,9,5.5,reprovado
74,Tilly,7,10,9,8.5,aprovado
75,Darlleen,7,10,1,8.5,aprovado
76,Chrystel,9,9,4,9.0,aprovado
77,Taffy,4,1,5,2.5,reprovado
78,Doro,6,1,2,3.5,reprovado
79,Kittie,6,4,7,5.0,reprovado
80,Margarette,7,1,6,4.0,reprovado
81,Desirae,7,7,10,7.0,aprovado
82,Hollie,5,9,8,7.0,aprovado
83,Ann-Marie,5,4,6,4.5,reprovado
84,Karly,9,4,2,6.5,reprovado
85,Tonia,3,5,7,4.0,reprovado
86,Benita,5,8,7,6.5,reprovado
87,Ann-Marie,1,2,8,1.5,reprovado
88,Feliza,3,1,7,2.0,reprovado
89,Vonny,3,10,8,6.5,reprovado
90,Vanessa,1,3,9,2.0,reprovado
91,Neila,4,2,3,3.0,reprovado
92,Elise,1,8,3,4.5,reprovado
93,Eolanda,1,10,10,5.5,reprovado
94,Caritta,7,6,2,6.5,reprovado
95,Ileana,4,2,10,3.0,reprovado
96,Elyssa,7,8,1,7.5,aprovado
97,Lynde,7,6,3,6.5,reprovado
98,Betta,3,7,3,5.0,reprovado
99,Sybille,5,9,3,7.0,aprovado
100,Leona,7,2,2,4.5,reprovado
101,Angelique,10,9,6,9.5,aprovado
102,Ilse,6,8,1,7.0,aprovado
103,Nyssa,4,7,9,5.5,reprovado
104,Arlina,3,10,10,6.5,reprovado
105,Linet,1,2,2,1.5,reprovado
106,Ricky,5,9,7,7.0,aprovado
107,Lorne,10,1,3,5.5,reprovado
108,Reeba,6,10,9,8.0,aprovado
109,Malina,10,10,1,10.0,aprovado
110,Agnese,6,10,10,8.0,aprovado
111,Merry,2,2,3,2.0,reprovado
112,Ilse,4,7,5,5.5,reprovado
113,Berget,1,8,10,4.5,reprovado
114,Vita,3,6,6,4.5,reprovado
115,Zondra,9,2,2,5.5,reprovado
116,Ashlee,6,1,2,3.5,reprovado
117,Sabina,4,6,8,5.0,reprovado
118,Deloria,7,3,7,5.0,reprovado
119,Ilse,5,3,1,4.0,reprovado
120,Corina,4,10,7,7.0,aprovado
121,Hayley,1,7,4,4.0,reprovado
122,Minne,8,9,2,8.5,aprovado
123,Barbi,3,9,7,6.0,reprovado
124,Brooks,6,10,9,8.0,aprovado
125,Kimberley,2,3,9,2.5,reprovado
126,Cyndie,7,6,6,6.5,reprovado
127,Bee,9,6,2,7.5,aprovado
128,Donnie,5,8,4,6.5,reprovado
129,Annice,5,5,5,5.0,reprovado
130,Elfreda,4,10,9,7.0,aprovado
131,Rosaline,2,1,2,1.5,reprovado
132,Gerrie,10,4,3,7.0,aprovado
133,Fina,6,1,1,3.5,reprovado
134,Emilia,10,10,10,10.0,aprovado
135,Andeee,6,4,4,5.0,reprovado
136,Talya,9,1,10,5.0,reprovado
137,Cathie,4,2,4,3.0,reprovado
138,Marylou,4,2,5,3.0,reprovado
139,Mariele,3,4,4,3.5,reprovado
140,Tarra,10,1,10,5.5,reprovado
141,Lynnea,4,8,3,6.0,reprovado
142,Debee,3,8,8,5.5,reprovado
143,Rhea,6,3,6,4.5,reprovado
144,Concettina,10,5,10,7.5,aprovado
145,Grier,7,4,3,5.5,reprovado
146,Meghann,8,10,3,9.0,aprovado
147,Dania,6,1,4,3.5,reprovado
148,Starla,4,10,4,7.0,aprovado
149,Lorne,2,3,6,2.5,reprovado
150,Mignon,9,10,1,9.5,aprovado
151,Tani,7,5,2,6.0,reprovado
152,Tatiania,1,5,4,3.0,reprovado
153,Malina,2,2,3,2.0,reprovado
154,Alameda,1,10,2,5.5,reprovado
155,Christy,1,1,4,1.0,reprovado
156,Orsola,6,2,7,4.0,reprovado
157,Heddie,9,5,8,7.0,aprovado
158,Aurelie,3,2,8,2.5,reprovado
159,Celene,6,7,6,6.5,reprovado
160,Brooks,1,6,1,3.5,reprovado
161,Helena,10,10,7,10.0,aprovado
162,Emma,8,3,2,5.5,reprovado
163,Althea,10,6,2,8.0,aprovado
164,Fayre,9,8,2,8.5,aprovado
165,Ayn,4,6,4,5.0,reprovado
166,Ardenia,7,9,2,8.0,aprovado
167,Courtnay,6,4,9,5.0,reprovado
168,Ericka,7,9,10,8.0,aprovado
169,Kathy,10,5,6,7.5,aprovado
170,Kassey,7,5,8,6.0,reprovado
171,Fawne,3,6,2,4.5,reprovado
172,Petronia,2,5,9,3.5,reprovado
173,Vanessa,5,3,10,4.0,reprovado
174,Catrina,2,2,10,2.0,reprovado
175,Claresta,5,7,9,6.0,reprovado
176,Phedra,6,7,5,6.5,reprovado
177,Mireielle,9,1,4,5.0,reprovado
178,Dorene,7,2,8,4.5,reprovado
179,Gratia,2,2,9,2.0,reprovado
180,Amelia,9,3,3,6.0,reprovado
181,Ayn,2,5,2,3.5,reprovado
182,Aili,7,7,6,7.0,aprovado
183,Basia,10,5,1,7.5,aprovado
184,Amalie,1,10,1,5.5,reprovado
185,Chrystel,6,4,7,5.0,reprovado
186,Rori,10,10,3,10.0,aprovado
187,Moyna,7,2,5,4.5,reprovado
188,Mureil,3,4,10,3.5,reprovado
189,Elka,2,3,8,2.5,reprovado
190,Hermione,1,1,10,1.0,reprovado
191,Britni,4,5,9,4.5,reprovado
192,June,10,4,9,7.0,aprovado
193,Margette,3,6,2,4.5,reprovado
194,Nicoli,2,9,7,5.5,reprovado
195,Vinita,5,4,3,4.5,reprovado
196,Shannah,9,2,6,5.5,reprovado
197,Verla,9,8,1,8.5,aprovado
198,Rori,2,6,2,4.0,reprovado
199,Deane,2,8,5,5.0,reprovado
200,Fanny,7,8,7,7.5,aprovado
201,Ivett,8,7,3,7.5,aprovado
202,Maud,2,4,1,3.0,reprovado
203,Shaylyn,6,7,10,6.5,reprovado
204,Susette,10,9,5,9.5,aprovado
205,Emilia,3,9,5,6.0,reprovado
206,Brianna,2,1,5,1.5,reprovado
207,Blinni,7,4,7,5.5,reprovado
208,Briney,9,2,9,5.5,reprovado
209,Kelly,10,9,5,9.5,aprovado
210,Lanna,5,8,1,6.5,reprovado
211,Elmira,7,6,4,6.5,reprovado
212,Krystle,2,6,9,4.0,reprovado
213,Alexine,5,10,3,7.5,aprovado
214,Dyann,7,5,2,6.0,reprovado
215,Dominga,1,7,3,4.0,reprovado
216,Dyann,10,1,8,5.5,reprovado
217,Feliza,8,10,1,9.0,aprovado
218,Elyssa,9,1,10,5.0,reprovado
219,Clo,4,8,2,6.0,reprovado
220,Romona,3,5,4,4.0,reprovado
221,Janeczka,1,3,10,2.0,reprovado
222,Kial,5,3,10,4.0,reprovado
223,Merci,3,4,3,3.5,reprovado
224,Romona,4,5,5,4.5,reprovado
225,Daune,1,4,6,2.5,reprovado
226,Hettie,6,9,7,7.5,aprovado
227,Karly,6,9,4,7.5,aprovado
228,Giustina,1,6,8,3.5,reprovado
229,Dione,5,8,10,6.5,reprovado
230,Lynde,4,10,4,7.0,aprovado
231,Collen,2,1,2,1.5,reprovado
232,Jean,1,6,7,3.5,reprovado
233,June,1,7,10,4.0,reprovado
234,Marline,4,2,9,3.0,reprovado
235,Inga,2,1,2,1.5,reprovado
236,Clementine,7,5,9,6.0,reprovado
237,Layla,8,10,10,9.0,aprovado
238,Mignon,10,8,1,9.0,aprovado
239,Myriam,8,10,8,9.0,aprovado
240,Talya,3,3,2,3.0,reprovado
241,Fred,9,2,5,5.5,reprovado
242,Ermengarde,8,2,2,5.0,reprovado
243,Farrah,10,1,9,5.5,reprovado
244,Shel,3,4,9,3.5,reprovado
245,Laure,4,3,10,3.5,reprovado
246,Nessie,2,10,7,6.0,reprovado
247,Therine,7,1,2,4.0,reprovado
248,Alleen,9,4,6,6.5,reprovado
249,Codie,5,3,1,4.0,reprovado
250,Wilma,3,6,5,4.5,reprovado
251,Lorne,6,1,3,3.5,reprovado
252,Olwen,1,3,4,2.0,reprovado
253,Brietta,9,5,10,7.0,aprovado
254,Netty,9,5,7,7.0,aprovado
255,Evita,9,8,1,8.5,aprovado
256,Anallese,10,10,10,10.0,aprovado
257,Moyna,5,2,2,3.5,reprovado
258,Madelle,10,7,8,8.5,aprovado
259,Mallory,3,8,10,5.5,reprovado
260,Ezmeralda,4,5,2,4.5,reprovado
261,Sharai,6,10,2,8.0,aprovado
262,Elmira,4,6,6,5.0,reprovado
263,Rayna,6,1,5,3.5,reprovado
264,Wanda,2,1,1,1.5,reprovado
265,Lorie,6,2,2,4.0,reprovado
266,Bobbi,4,5,1,4.5,reprovado
267,Abbie,2,10,4,6.0,reprovado
268,Lorie,9,8,9,8.5,aprovado
269,Roslyn,7,2,5,4.5,reprovado
270,Brena,8,6,6,7.0,aprovado
271,Grier,9,10,5,9.5,aprovado
272,Calla,2,3,6,2.5,reprovado
273,Stacey,3,2,8,2.5,reprovado
274,Cacilie,7,2,4,4.5,reprovado
275,Aeriela,3,4,1,3.5,reprovado
276,Elena,2,6,9,4.0,reprovado
277,Josephine,9,8,3,8.5,aprovado
278,Maud,10,7,5,8.5,aprovado
279,Gaylene,1,3,3,2.0,reprovado
280,Rayna,9,7,3,8.0,aprovado
281,Lita,9,10,3,9.5,aprovado
282,Carree,2,1,1,1.5,reprovado
283,Cam,8,3,10,5.5,reprovado
284,Janeczka,5,5,4,5.0,reprovado
285,Trudie,2,4,1,3.0,reprovado
286,June,2,3,10,2.5,reprovado
287,Natka,4,7,9,5.5,reprovado
288,Tori,5,10,1,7.5,aprovado
289,Consuela,2,5,4,3.5,reprovado
290,Brynna,8,7,7,7.5,aprovado
291,Mariele,4,4,1,4.0,reprovado
292,Charlena,5,2,4,3.5,reprovado
293,Trudie,9,4,3,6.5,reprovado
294,Sean,7,2,4,4.5,reprovado
295,Ethel,6,9,2,7.5,aprovado
296,Dacia,9,3,1,6.0,reprovado
297,Emmey,10,6,5,8.0,aprovado
298,Jinny,2,2,10,2.0,reprovado
299,Lucille,6,8,8,7.0,aprovado
300,Beatriz,8,10,8,9.0,aprovado
301,Belinda,5,9,8,7.0,aprovado
302,Malina,8,4,10,6.0,reprovado
303,Monika,5,5,5,5.0,reprovado
304,Benita,8,9,5,8.5,aprovado
305,Ann-Marie,1,7,7,4.0,reprovado
306,Wynne,1,4,6,2.5,reprovado
307,Mariann,10,2,7,6.0,reprovado
308,Lizzie,3,9,8,6.0,reprovado
309,Janeczka,5,3,10,4.0,reprovado
310,Tatiania,2,2,3,2.0,reprovado
311,Tabbatha,3,4,10,3.5,reprovado
312,Joeann,6,5,4,5.5,reprovado
313,Cacilie,5,6,9,5.5,reprovado
314,Agnese,7,7,8,7.0,aprovado
315,Cherilyn,9,3,8,6.0,reprovado
316,Alyda,5,7,1,6.0,reprovado
317,Brena,7,1,3,4.0,reprovado
318,Dorthy,9,8,4,8.5,aprovado
319,Raf,1,10,9,5.5,reprovado
320,Consuela,6,3,2,4.5,reprovado
321,Lelah,1,9,1,5.0,reprovado
322,Dianemarie,2,1,5,1.5,reprovado
323,Cassandra,9,9,7,9.0,aprovado
324,Lorne,9,10,9,9.5,aprovado
325,Etta,6,5,4,5.5,reprovado
326,Penelopa,2,2,7,2.0,reprovado
327,Ginnie,2,8,7,5.0,reprovado
328,Grier,5,2,6,3.5,reprovado
329,Eve,5,9,8,7.0,aprovado
330,Kerrin,1,9,3,5.0,reprovado
331,Stevana,2,6,6,4.0,reprovado
332,Gale,6,10,7,8.0,aprovado
333,Aili,5,4,4,4.5,reprovado
334,Glenda,8,7,10,7.5,aprovado
335,Kirbee,8,3,1,5.5,reprovado
336,Kirbee,10,8,9,9.0,aprovado
337,Lisette,3,1,1,2.0,reprovado
338,Augustine,1,1,2,1.0,reprovado
339,Lulita,9,8,5,8.5,aprovado
340,Celisse,6,1,8,3.5,reprovado
341,Raquela,10,9,8,9.5,aprovado
342,Allis,9,2,2,5.5,reprovado
343,Aili,2,1,1,1.5,reprovado
344,Johna,5,7,3,6.0,reprovado
345,Sean,5,10,4,7.5,aprovado
346,Modestia,3,10,10,6.5,reprovado
347,Marika,9,9,5,9.0,aprovado
348,Clementine,8,7,9,7.5,aprovado
349,Nicoli,10,2,4,6.0,reprovado
350,Kristan,9,8,6,8.5,aprovado
351,Luci,5,6,6,5.5,reprovado
352,Phylis,9,5,4,7.0,aprovado
353,Tamqrah,6,7,3,6.5,reprovado
354,Vinita,1,4,4,2.5,reprovado
355,Trudie,2,6,8,4.0,reprovado
356,Jacenta,10,10,6,10.0,aprovado
357,Olivette,6,7,4,6.5,reprovado
358,Sarette,4,8,7,6.0,reprovado
359,Cyndie,5,2,4,3.5,reprovado
360,Vita,7,1,4,4.0,reprovado
361,Gavrielle,7,2,5,4.5,reprovado
362,Pierette,3,2,7,2.5,reprovado
363,Tracey,10,2,4,6.0,reprovado
364,Ivett,9,8,7,8.5,aprovado
365,Isa,6,5,6,5.5,reprovado
366,Cam,7,2,9,4.5,reprovado
367,Teddie,7,9,3,8.0,aprovado
368,Tierney,5,7,3,6.0,reprovado
369,Blake,6,2,6,4.0,reprovado
370,Leanna,2,5,7,3.5,reprovado
371,Nita,10,8,7,9.0,aprovado
372,Blinni,8,7,9,7.5,aprovado
373,Sibella,6,7,10,6.5,reprovado
374,Brianna,7,7,6,7.0,aprovado
375,Harmonia,10,7,10,8.5,aprovado
376,Jobi,1,4,7,2.5,reprovado
377,Arlena,8,9,3,8.5,aprovado
378,Dawn,8,2,2,5.0,reprovado
379,Corry,2,2,9,2.0,reprovado
380,Kathy,8,1,3,4.5,reprovado
381,Tatiania,1,2,4,1.5,reprovado
382,Dulce,3,9,10,6.0,reprovado
383,Andeee,6,6,9,6.0,reprovado
384,Lyssa,5,7,9,6.0,reprovado
385,Concettina,7,2,1,4.5,reprovado
386,Carlie,4,10,5,7.0,aprovado
387,Dulce,7,5,9,6.0,reprovado
388,Kamilah,7,6,9,6.5,reprovado
389,Diena,6,7,5,6.5,reprovado
390,Orsola,9,4,7,6.5,reprovado
391,Alleen,9,1,10,5.0,reprovado
392,Genevra,10,4,9,7.0,aprovado
393,Sidoney,5,5,3,5.0,reprovado
394,Kittie,10,10,6,10.0,aprovado
395,Dorene,5,4,7,4.5,reprovado
396,Tressa,9,8,4,8.5,aprovado
397,Peri,3,8,9,5.5,reprovado
398,Teddie,6,5,3,5.5,reprovado
399,Dagmar,5,1,9,3.0,reprovado
400,Fidelia,9,9,3,9.0,aprovado
401,Nariko,5,3,6,4.0,reprovado
402,Selia,10,3,2,6.5,reprovado
403,Kelly,10,6,6,8.0,aprovado
404,Ofilia,8,9,4,8.5,aprovado
405,Mildrid,4,3,9,3.5,reprovado
406,Cristine,1,9,10,5.0,reprovado
407,Lanae,10,4,4,7.0,aprovado
408,Lulita,7,7,10,7.0,aprovado
409,Carmela,6,10,2,8.0,aprovado
410,Wynne,10,10,7,10.0,aprovado
411,Clarice,6,1,5,3.5,reprovado
412,Jan,3,6,3,4.5,reprovado
413,Gisela,2,9,1,5.5,reprovado
414,Flo,6,2,4,4.0,reprovado
415,Zsa Zsa,2,4,5,3.0,reprovado
416,Albertina,2,6,4,4.0,reprovado
417,Brianna,1,3,4,2.0,reprovado
418,Merci,2,3,4,2.5,reprovado
419,Riannon,8,9,5,8.5,aprovado
420,Violet,1,4,8,2.5,reprovado
421,Justinn,9,4,4,6.5,reprovado
422,Jasmina,4,8,10,6.0,reprovado
423,Lelah,8,5,7,6.5,reprovado
424,Kamilah,10,7,1,8.5,aprovado
425,Addia,6,8,4,7.0,aprovado
426,Cherilyn,6,4,6,5.0,reprovado
427,Phedra,6,9,10,7.5,aprovado
428,Roberta,1,1,1,1.0,reprovado
429,Emelina,1,6,3,3.5,reprovado
430,Katuscha,9,9,9,9.0,aprovado
431,Gusty,9,3,3,6.0,reprovado
432,Benita,2,7,8,4.5,reprovado
433,Fredericka,4,2,2,3.0,reprovado
434,Dulcinea,8,8,6,8.0,aprovado
435,Cissiee,4,9,6,6.5,reprovado
436,Devina,10,10,10,10.0,aprovado
437,Talya,6,5,5,5.5,reprovado
438,Rhoda,5,8,3,6.5,reprovado
439,Andeee,1,7,8,4.0,reprovado
440,Molli,5,5,10,5.0,reprovado
441,Gaylene,2,2,9,2.0,reprovado
442,Glenda,1,5,9,3.0,reprovado
443,Bernardine,5,9,1,7.0,aprovado
444,Donnie,1,3,5,2.0,reprovado
445,Kathy,7,1,6,4.0,reprovado
446,Renae,9,10,8,9.5,aprovado
447,Eadie,4,6,4,5.0,reprovado
448,Clementine,8,1,4,4.5,reprovado
449,Britte,9,3,2,6.0,reprovado
450,Fanny,8,7,1,7.5,aprovado
451,Nonnah,3,6,4,4.5,reprovado
452,Ivett,1,10,5,5.5,reprovado
453,Melodie,3,5,6,4.0,reprovado
454,Sybille,8,2,4,5.0,reprovado
455,Brooks,4,4,3,4.0,reprovado
456,Glenda,5,3,10,4.0,reprovado
457,Gisela,2,1,10,1.5,reprovado
458,Stephanie,6,8,2,7.0,aprovado
459,Zondra,5,7,3,6.0,reprovado
460,Adelle,6,2,10,4.0,reprovado
461,Paule,5,2,2,3.5,reprovado
462,Celene,5,6,4,5.5,reprovado
463,Aimil,1,9,4,5.0,reprovado
464,Gerrie,8,5,10,6.5,reprovado
465,Ardeen,7,3,7,5.0,reprovado
466,Aurelie,8,3,3,5.5,reprovado
467,Bibby,2,7,10,4.5,reprovado
468,Gerianna,7,1,7,4.0,reprovado
469,Beth,9,3,9,6.0,reprovado
470,Jenda,1,3,9,2.0,reprovado
471,Jeanna,8,6,7,7.0,aprovado
472,Cherilyn,4,6,5,5.0,reprovado
473,Cathyleen,5,5,8,5.0,reprovado
474,Mariann,9,6,7,7.5,aprovado
475,Melina,1,8,7,4.5,reprovado
476,Amalie,10,7,1,8.5,aprovado
477,Jasmina,9,1,4,5.0,reprovado
478,Kate,10,6,8,8.0,aprovado
479,Kellen,8,6,3,7.0,aprovado
480,Tori,1,8,8,4.5,reprovado
481,Benita,5,9,8,7.0,aprovado
482,Ardys,6,8,1,7.0,aprovado
483,Jinny,9,9,4,9.0,aprovado
484,Shaine,9,2,4,5.5,reprovado
485,Perry,10,2,1,6.0,reprovado
486,Grier,5,5,3,5.0,reprovado
487,Eve,9,3,3,6.0,reprovado
488,Lisette,1,10,10,5.5,reprovado
489,Jennica,8,9,2,8.5,aprovado
490,Steffane,1,2,6,1.5,reprovado
491,Noelle,2,1,2,1.5,reprovado
492,Betta,9,8,5,8.5,aprovado
493,Kary,3,8,1,5.5,reprovado
494,Eolanda,5,5,6,5.0,reprovado
495,Priscilla,7,1,3,4.0,reprovado
496,Fanchon,5,9,5,7.0,aprovado
497,Beverley,5,1,3,3.0,reprovado
498,Renie,1,8,2,4.5,reprovado
499,Alexine,5,4,9,4.5,reprovado
500,Vevay,3,1,4,2.0,reprovado
501,Louella,1,1,8,1.0,reprovado
502,Myrtice,10,5,10,7.5,aprovado
503,Christal,8,10,8,9.0,aprovado
504,Charmaine,9,4,2,6.5,reprovado
505,Hope,4,3,6,3.5,reprovado
506,Ekaterina,1,8,4,4.5,reprovado
507,Juliane,2,4,3,3.0,reprovado
508,Gianina,3,7,10,5.0,reprovado
509,Leia,5,4,3,4.5,reprovado
510,Adelle,1,1,3,1.0,reprovado
511,Nannie,4,1,7,2.5,reprovado
512,Frank,8,2,8,5.0,reprovado
513,Paola,5,10,4,7.5,aprovado
514,Selia,10,3,3,6.5,reprovado
515,Gwenneth,4,4,5,4.0,reprovado
516,Lyssa,6,8,6,7.0,aprovado
517,Suzette,9,8,5,8.5,aprovado
518,Lucille,10,6,7,8.0,aprovado
519,Lolita,4,3,5,3.5,reprovado
520,Vivia,4,7,8,5.5,reprovado
521,Cassondra,7,9,10,8.0,aprovado
522,Rosabelle,10,2,4,6.0,reprovado
523,Dagmar,9,9,8,9.0,aprovado
524,Nickie,7,1,10,4.0,reprovado
525,Debee,3,5,1,4.0,reprovado
526,Chere,9,6,10,7.5,aprovado
527,Emma,3,9,7,6.0,reprovado
528,Elmira,3,5,6,4.0,reprovado
529,Ida,5,10,1,7.5,aprovado
530,Adriana,9,4,5,6.5,reprovado
531,Dawn,8,3,8,5.5,reprovado
532,Daryl,2,4,3,3.0,reprovado
533,Dagmar,5,5,9,5.0,reprovado
534,Debee,1,1,1,1.0,reprovado
535,Phedra,4,3,2,3.5,reprovado
536,Shel,7,3,1,5.0,reprovado
537,Quintina,2,1,4,1.5,reprovado
538,Stacey,9,7,4,8.0,aprovado
539,Sharlene,7,4,5,5.5,reprovado
540,Vivia,5,10,6,7.5,aprovado
541,Lizzie,1,6,2,3.5,reprovado
542,Tera,4,10,1,7.0,aprovado
543,Zsa Zsa,1,5,4,3.0,reprovado
544,Jan,8,7,5,7.5,aprovado
545,Farrah,1,5,9,3.0,reprovado
546,Flory,5,1,4,3.0,reprovado
547,Gwenneth,2,6,6,4.0,reprovado
548,Cassandra,5,2,10,3.5,reprovado
549,Georgetta,5,5,5,5.0,reprovado
550,Merle,10,6,1,8.0,aprovado
551,Kamilah,3,7,7,5.0,reprovado
552,Caritta,9,3,10,6.0,reprovado
553,Bill,1,8,4,4.5,reprovado
554,Marguerite,4,9,2,6.5,reprovado
555,Lenna,4,2,3,3.0,reprovado
556,Alyssa,4,9,6,6.5,reprovado
557,Raina,8,8,7,8.0,aprovado
558,Leona,5,10,7,7.5,aprovado
559,Brooks,3,4,6,3.5,reprovado
560,Morganica,9,5,1,7.0,aprovado
561,Elise,1,1,6,1.0,reprovado
562,Louella,8,5,6,6.5,reprovado
563,Blake,6,2,3,4.0,reprovado
564,Charmaine,4,8,1,6.0,reprovado
565,Claudina,7,1,1,4.0,reprovado
566,Elka,2,8,2,5.0,reprovado
567,Corene,4,9,4,6.5,reprovado
568,Roseline,6,6,8,6.0,reprovado
569,Hildegaard,6,8,2,7.0,aprovado
570,Silvana,8,4,9,6.0,reprovado
571,Nanete,9,5,4,7.0,aprovado
572,Wynne,10,8,7,9.0,aprovado
573,Dotty,9,10,9,9.5,aprovado
574,Ira,7,5,6,6.0,reprovado
575,Malina,10,7,5,8.5,aprovado
576,Joane,7,8,1,7.5,aprovado
577,Queenie,9,1,8,5.0,reprovado
578,Angelique,5,10,8,7.5,aprovado
579,Leona,6,10,8,8.0,aprovado
580,Joceline,2,7,5,4.5,reprovado
581,Farrah,8,9,1,8.5,aprovado
582,Roxane,4,2,9,3.0,reprovado
583,Julieta,9,3,4,6.0,reprovado
584,Tina,3,4,4,3.5,reprovado
585,Raf,2,9,4,5.5,reprovado
586,Vere,8,7,7,7.5,aprovado
587,Fidelia,2,9,7,5.5,reprovado
588,Tonia,6,6,3,6.0,reprovado
589,Valli,7,3,1,5.0,reprovado
590,Peri,3,5,2,4.0,reprovado
591,Dolli,4,6,2,5.0,reprovado
592,Meghann,2,4,5,3.0,reprovado
593,Rosene,7,3,2,5.0,reprovado
594,Yolane,3,4,1,3.5,reprovado
595,Carmela,2,6,8,4.0,reprovado
596,Tori,2,5,4,3.5,reprovado
597,Cassandra,2,9,2,5.5,reprovado
598,Nollie,2,4,10,3.0,reprovado
599,Camile,9,10,1,9.5,aprovado
600,Vevay,7,6,4,6.5,reprovado
601,Alameda,1,3,6,2.0,reprovado
602,Dulcinea,1,9,4,5.0,reprovado
603,Danny,4,2,1,3.0,reprovado
604,Consuela,3,10,3,6.5,reprovado
605,Zia,5,3,9,4.0,reprovado
606,Netty,4,6,9,5.0,reprovado
607,Berta,10,8,7,9.0,aprovado
608,Dawn,10,10,5,10.0,aprovado
609,Lila,10,1,6,5.5,reprovado
610,Dari,1,7,4,4.0,reprovado
611,Coral,1,2,5,1.5,reprovado
612,Micheline,7,10,10,8.5,aprovado
613,Kirstin,4,5,10,4.5,reprovado
614,Veda,7,1,1,4.0,reprovado
615,Jenda,6,9,9,7.5,aprovado
616,Sallie,3,3,9,3.0,reprovado
617,Kristina,9,6,5,7.5,aprovado
618,Lorie,5,4,4,4.5,reprovado
619,Dorene,5,7,6,6.0,reprovado
620,Tressa,9,7,8,8.0,aprovado
621,Leona,1,5,2,3.0,reprovado
622,Selia,5,1,5,3.0,reprovado
623,Aurore,2,3,6,2.5,reprovado
624,Molli,7,7,2,7.0,aprovado
625,Leontine,7,5,5,6.0,reprovado
626,Jeanna,6,3,1,4.5,reprovado
627,Carmencita,8,2,7,5.0,reprovado
628,Linet,9,4,7,6.5,reprovado
629,Marline,4,7,5,5.5,reprovado
630,Flory,10,8,4,9.0,aprovado
631,Chrystel,1,9,5,5.0,reprovado
632,Susan,5,7,8,6.0,reprovado
633,Roxane,10,7,5,8.5,aprovado
634,Darlleen,9,2,7,5.5,reprovado
635,Daryl,7,2,2,4.5,reprovado
636,Marti,10,8,5,9.0,aprovado
637,Katleen,4,7,3,5.5,reprovado
638,Orelia,1,8,9,4.5,reprovado
639,Kara-Lynn,10,7,8,8.5,aprovado
640,Jany,10,1,5,5.5,reprovado
641,Caryl,3,8,2,5.5,reprovado
642,Brynna,8,3,5,5.5,reprovado
643,Rosene,1,2,4,1.5,reprovado
644,Quintina,7,9,8,8.0,aprovado
645,Celene,4,8,4,6.0,reprovado
646,Shauna,7,10,1,8.5,aprovado
647,Konstance,8,10,6,9.0,aprovado
648,Nataline,2,5,3,3.5,reprovado
649,Minne,7,4,3,5.5,reprovado
650,Riannon,3,1,10,2.0,reprovado
651,Jaime,5,3,6,4.0,reprovado
652,Jobi,1,2,4,1.5,reprovado
653,Verla,6,4,9,5.0,reprovado
654,Claresta,6,2,9,4.0,reprovado
655,Jsandye,7,9,9,8.0,aprovado
656,Winny,8,2,7,5.0,reprovado
657,Concettina,5,9,2,7.0,aprovado
658,Ekaterina,3,4,9,3.5,reprovado
659,Shell,5,5,6,5.0,reprovado
660,Pamella,10,10,7,10.0,aprovado
661,Kristina,6,1,5,3.5,reprovado
662,Kristina,1,4,10,2.5,reprovado
663,Jessy,4,8,2,6.0,reprovado
664,Annora,7,5,1,6.0,reprovado
665,Chloris,10,3,4,6.5,reprovado
666,Odessa,10,9,4,9.5,aprovado
667,Bobinette,10,3,1,6.5,reprovado
668,Aryn,2,8,7,5.0,reprovado
669,Giustina,8,1,9,4.5,reprovado
670,Hope,6,9,8,7.5,aprovado
671,Mireielle,3,4,6,3.5,reprovado
672,Chere,4,2,9,3.0,reprovado
673,Georgetta,6,5,4,5.5,reprovado
674,Dulcinea,6,4,10,5.0,reprovado
675,Natka,7,10,2,8.5,aprovado
676,Amara,8,8,3,8.0,aprovado
677,Barbi,4,2,7,3.0,reprovado
678,Emylee,6,5,1,5.5,reprovado
679,Carol-Jean,9,5,4,7.0,aprovado
680,Claudina,7,9,2,8.0,aprovado
681,Chastity,6,7,8,6.5,reprovado
682,Hollie,3,6,8,4.5,reprovado
683,Valera,5,4,3,4.5,reprovado
684,Fawne,6,6,8,6.0,reprovado
685,Paola,3,6,7,4.5,reprovado
686,Constance,6,10,4,8.0,aprovado
687,Genevra,1,7,3,4.0,reprovado
688,Arlina,1,2,10,1.5,reprovado
689,Paulita,10,1,5,5.5,reprovado
690,Angelique,4,5,9,4.5,reprovado
691,Lizzie,4,5,1,4.5,reprovado
692,Jenilee,9,2,7,5.5,reprovado
693,Aubrie,1,4,10,2.5,reprovado
694,Petronia,3,2,4,2.5,reprovado
695,Elka,10,6,2,8.0,aprovado
696,Clary,6,2,1,4.0,reprovado
697,Joleen,2,1,7,1.5,reprovado
698,Babita,10,10,5,10.0,aprovado
699,Lelah,6,6,3,6.0,reprovado
700,Jaclyn,8,1,5,4.5,reprovado
701,Phylis,10,2,4,6.0,reprovado
702,Hermione,1,9,4,5.0,reprovado
703,Jenda,2,8,6,5.0,reprovado
704,Theodora,4,10,1,7.0,aprovado
705,Wanda,7,5,1,6.0,reprovado
706,Vinita,6,6,1,6.0,reprovado
707,Anica,4,5,1,4.5,reprovado
708,Sonni,10,2,7,6.0,reprovado
709,Madalyn,3,5,2,4.0,reprovado
710,Karena,3,10,4,6.5,reprovado
711,Deirdre,4,8,2,6.0,reprovado
712,Merrie,2,3,2,2.5,reprovado
713,Annabela,7,6,3,6.5,reprovado
714,Marline,9,6,4,7.5,aprovado
715,Mildrid,10,5,5,7.5,aprovado
716,Atlanta,1,2,3,1.5,reprovado
717,Aurelie,10,5,1,7.5,aprovado
718,Benita,9,8,6,8.5,aprovado
719,Lucille,1,8,10,4.5,reprovado
720,Frances,5,4,7,4.5,reprovado
721,Korrie,10,1,1,5.5,reprovado
722,Rosene,6,6,5,6.0,reprovado
723,Halette,4,5,3,4.5,reprovado
724,Daryl,5,4,4,4.5,reprovado
725,Phylis,3,1,1,2.0,reprovado
726,Harmonia,6,2,2,4.0,reprovado
727,Roslyn,7,7,9,7.0,aprovado
728,Jessy,7,3,1,5.0,reprovado
729,Paola,2,2,6,2.0,reprovado
730,Wynne,2,9,9,5.5,reprovado
731,Yetty,10,8,7,9.0,aprovado
732,Joy,6,7,8,6.5,reprovado
733,Orelia,2,1,8,1.5,reprovado
734,Brooks,1,7,4,4.0,reprovado
735,Latisha,9,6,1,7.5,aprovado
736,Brietta,7,6,8,6.5,reprovado
737,Rivalee,4,4,5,4.0,reprovado
738,Elise,3,8,7,5.5,reprovado
739,Desirae,8,8,2,8.0,aprovado
740,Kial,10,8,10,9.0,aprovado
741,Selia,1,8,10,4.5,reprovado
742,Desirae,5,7,7,6.0,reprovado
743,Carly,1,2,9,1.5,reprovado
744,Jacquetta,9,8,4,8.5,aprovado
745,Harrietta,3,6,10,4.5,reprovado
746,Dari,6,9,1,7.5,aprovado
747,Merle,8,9,10,8.5,aprovado
748,Orsola,10,9,5,9.5,aprovado
749,Augustine,10,3,10,6.5,reprovado
750,Leia,5,7,5,6.0,reprovado
751,Meg,1,2,2,1.5,reprovado
752,Aubrie,2,1,8,1.5,reprovado
753,Christal,4,3,9,3.5,reprovado
754,Maud,9,7,2,8.0,aprovado
755,Britte,8,1,8,4.5,reprovado
756,Roz,7,3,8,5.0,reprovado
757,Clarice,5,10,3,7.5,aprovado
758,Ardys,1,5,1,3.0,reprovado
759,Betta,7,2,8,4.5,reprovado
760,Merrie,6,6,3,6.0,reprovado
761,Katuscha,7,9,8,8.0,aprovado
762,Nessie,7,5,5,6.0,reprovado
763,Janis,6,5,2,5.5,reprovado
764,Larine,8,3,8,5.5,reprovado
765,Petronia,2,10,2,6.0,reprovado
766,Gilda,4,3,5,3.5,reprovado
767,Augustine,6,2,1,4.0,reprovado
768,Jinny,1,2,2,1.5,reprovado
769,Lolita,1,10,7,5.5,reprovado
770,Ileana,9,4,2,6.5,reprovado
771,Magdalena,8,5,6,6.5,reprovado
772,Leontine,6,8,9,7.0,aprovado
773,Gabriellia,9,3,6,6.0,reprovado
774,Veda,10,3,2,6.5,reprovado
775,Ariela,3,9,4,6.0,reprovado
776,June,7,6,3,6.5,reprovado
777,Sam,3,6,3,4.5,reprovado
778,Shel,7,2,6,4.5,reprovado
779,Helena,5,4,7,4.5,reprovado
780,Barbi,3,6,6,4.5,reprovado
781,Averyl,2,9,8,5.5,reprovado
782,Nicoli,5,3,9,4.0,reprovado
783,Talya,5,1,1,3.0,reprovado
784,Noelle,1,7,5,4.0,reprovado
785,Konstance,6,7,4,6.5,reprovado
786,Sidoney,3,10,10,6.5,reprovado
787,Kayla,4,4,10,4.0,reprovado
788,Christal,4,7,2,5.5,reprovado
789,Rhoda,4,4,3,4.0,reprovado
790,Clarice,2,10,10,6.0,reprovado
791,Pamella,6,2,7,4.0,reprovado
792,Gui,2,2,2,2.0,reprovado
793,Mignon,1,10,1,5.5,reprovado
794,Jan,5,2,7,3.5,reprovado
795,Evita,3,4,6,3.5,reprovado
796,Damaris,10,8,9,9.0,aprovado
797,Barbi,3,1,6,2.0,reprovado
798,Adriana,8,4,7,6.0,reprovado
799,Winny,5,10,2,7.5,aprovado
800,Ardys,6,6,8,6.0,reprovado
801,Peri,8,3,3,5.5,reprovado
802,Roz,1,4,2,2.5,reprovado
803,Fina,5,7,1,6.0,reprovado
804,Veda,10,6,10,8.0,aprovado
805,Agnese,6,8,10,7.0,aprovado
806,Dominga,5,9,3,7.0,aprovado
807,Rayna,3,10,3,6.5,reprovado
808,Roz,1,8,2,4.5,reprovado
809,Bobbi,10,2,1,6.0,reprovado
810,Marika,3,6,9,4.5,reprovado
811,Mady,10,9,8,9.5,aprovado
812,Angela,8,3,8,5.5,reprovado
813,Orelia,2,3,10,2.5,reprovado
814,Benita,9,2,6,5.5,reprovado
815,Courtnay,5,8,10,6.5,reprovado
816,Camile,1,10,4,5.5,reprovado
817,Peri,10,8,10,9.0,aprovado
818,Tina,5,7,10,6.0,reprovado
819,Karly,10,2,4,6.0,reprovado
820,Maryellen,3,2,7,2.5,reprovado
821,Asia,2,2,9,2.0,reprovado
822,Rani,10,9,2,9.5,aprovado
823,Shirlee,9,1,9,5.0,reprovado
824,Kamilah,10,2,8,6.0,reprovado
825,Carilyn,2,1,7,1.5,reprovado
826,Cristabel,8,2,9,5.0,reprovado
827,Janis,7,6,8,6.5,reprovado
828,Mallory,6,1,6,3.5,reprovado
829,Nollie,8,2,6,5.0,reprovado
830,Elena,6,7,4,6.5,reprovado
831,Elyssa,8,4,2,6.0,reprovado
832,Marcy,4,8,9,6.0,reprovado
833,Dennie,7,2,2,4.5,reprovado
834,Coral,3,9,2,6.0,reprovado
835,Marleah,6,1,1,3.5,reprovado
836,Ileana,10,6,5,8.0,aprovado
837,Gusty,4,7,6,5.5,reprovado
838,Aimil,10,2,6,6.0,reprovado
839,Cyb,3,7,7,5.0,reprovado
840,Rosaline,10,5,3,7.5,aprovado
841,Britte,1,4,5,2.5,reprovado
842,Celene,3,2,1,2.5,reprovado
843,Jorry,9,6,3,7.5,aprovado
844,Cherilyn,9,7,8,8.0,aprovado
845,Marinna,10,8,6,9.0,aprovado
846,Deloria,6,10,10,8.0,aprovado
847,Tami,10,1,1,5.5,reprovado
848,Blondelle,8,10,7,9.0,aprovado
849,Talya,4,9,7,6.5,reprovado
850,Clo,1,9,2,5.0,reprovado
851,Selia,2,7,7,4.5,reprovado
852,Jaclyn,10,9,9,9.5,aprovado
853,Odessa,1,8,10,4.5,reprovado
854,Mireielle,2,3,3,2.5,reprovado
855,Marguerite,7,10,7,8.5,aprovado
856,Miquela,8,10,10,9.0,aprovado
857,Imojean,10,7,3,8.5,aprovado
858,Anestassia,6,4,5,5.0,reprovado
859,Marcelline,10,7,10,8.5,aprovado
860,Tani,7,7,2,7.0,aprovado
861,Darlleen,4,7,7,5.5,reprovado
862,Luci,5,2,2,3.5,reprovado
863,Maryellen,5,2,1,3.5,reprovado
864,Agnese,2,1,4,1.5,reprovado
865,Gabriellia,4,5,4,4.5,reprovado
866,Leeanne,2,5,8,3.5,reprovado
867,Karina,9,2,4,5.5,reprovado
868,Sherrie,6,3,1,4.5,reprovado
869,Pamella,9,3,5,6.0,reprovado
870,Katuscha,4,9,5,6.5,reprovado
871,Jere,3,1,8,2.0,reprovado
872,Allyce,1,3,4,2.0,reprovado
873,Larine,4,9,1,6.5,reprovado
874,Gratia,7,5,2,6.0,reprovado
875,Alisha,4,4,4,4.0,reprovado
876,Violet,4,2,9,3.0,reprovado
877,Mary,9,6,3,7.5,aprovado
878,Leanna,7,5,5,6.0,reprovado
879,Netty,8,6,2,7.0,aprovado
880,Edee,10,5,1,7.5,aprovado
881,Janis,5,6,10,5.5,reprovado
882,Addia,4,2,7,3.0,reprovado
883,Ricky,10,4,6,7.0,aprovado
884,Mady,7,10,5,8.5,aprovado
885,Nataline,1,1,10,1.0,reprovado
886,Dale,5,10,4,7.5,aprovado
887,Leontine,2,5,5,3.5,reprovado
888,Sybille,5,9,10,7.0,aprovado
889,Sabina,3,9,9,6.0,reprovado
890,Betta,4,10,1,7.0,aprovado
891,Marinna,10,8,9,9.0,aprovado
892,Jinny,2,1,9,1.5,reprovado
893,Silvana,2,3,2,2.5,reprovado
894,Netty,9,1,8,5.0,reprovado
895,Sashenka,2,4,8,3.0,reprovado
896,Zia,7,8,10,7.5,aprovado
897,Andree,3,3,10,3.0,reprovado
898,Elora,5,7,9,6.0,reprovado
899,Tracey,8,8,6,8.0,aprovado
900,Belinda,5,10,2,7.5,aprovado
901,Sharlene,6,9,1,7.5,aprovado
902,Clarice,9,5,5,7.0,aprovado
903,Caressa,9,3,3,6.0,reprovado
904,Vere,10,4,10,7.0,aprovado
905,Kenna,3,7,8,5.0,reprovado
906,Gusella,3,10,8,6.5,reprovado
907,Teddie,8,10,3,9.0,aprovado
908,Paola,5,6,9,5.5,reprovado
909,Cristine,5,6,3,5.5,reprovado
910,Eugine,8,7,10,7.5,aprovado
911,Aimil,9,4,8,6.5,reprovado
912,Audrie,7,4,8,5.5,reprovado
913,Neila,4,7,8,5.5,reprovado
914,Flory,6,1,10,3.5,reprovado
915,Orelia,6,7,10,6.5,reprovado
916,Sonni,4,3,7,3.5,reprovado
917,Eve,6,7,3,6.5,reprovado
918,Mariann,4,2,10,3.0,reprovado
919,Myrtice,5,2,8,3.5,reprovado
920,Hallie,4,9,2,6.5,reprovado
921,Fernande,10,9,6,9.5,aprovado
922,Joy,9,1,4,5.0,reprovado
923,Lindie,9,4,5,6.5,reprovado
924,Blinni,6,9,7,7.5,aprovado
925,Petronia,2,6,7,4.0,reprovado
926,Adriana,5,4,6,4.5,reprovado
927,Xylina,6,1,10,3.5,reprovado
928,Ninnetta,9,8,7,8.5,aprovado
929,Sibella,6,6,8,6.0,reprovado
930,Jobi,4,5,9,4.5,reprovado
931,Genovera,9,7,3,8.0,aprovado
932,Cathyleen,7,7,3,7.0,aprovado
933,Celene,1,6,9,3.5,reprovado
934,Leia,7,3,2,5.0,reprovado
935,Nollie,4,2,10,3.0,reprovado
936,Angelique,8,5,7,6.5,reprovado
937,Caryl,7,3,6,5.0,reprovado
938,Millie,3,3,4,3.0,reprovado
939,Claresta,7,6,1,6.5,reprovado
940,Talya,5,10,2,7.5,aprovado
941,Mellicent,8,1,2,4.5,reprovado
942,Abbie,9,10,6,9.5,aprovado
943,Ermengarde,3,1,3,2.0,reprovado
944,Sheree,6,1,5,3.5,reprovado
945,Candi,5,4,7,4.5,reprovado
946,Cherilyn,9,3,8,6.0,reprovado
947,Courtnay,9,3,8,6.0,reprovado
948,Merci,8,9,5,8.5,aprovado
949,Stevana,8,8,1,8.0,aprovado
950,Marinna,5,7,5,6.0,reprovado
951,Elie,6,1,9,3.5,reprovado
952,Elka,4,1,5,2.5,reprovado
953,Raf,8,8,5,8.0,aprovado
954,Audrie,9,6,6,7.5,aprovado
955,Donnie,3,2,1,2.5,reprovado
956,Roxane,5,3,10,4.0,reprovado
957,Giustina,10,6,5,8.0,aprovado
958,Courtnay,10,4,2,7.0,aprovado
959,Kate,2,9,10,5.5,reprovado
960,Edee,9,8,2,8.5,aprovado
961,Abbie,8,1,1,4.5,reprovado
962,Ada,9,3,3,6.0,reprovado
963,Madalyn,8,9,7,8.5,aprovado
964,Nikki,9,9,6,9.0,aprovado
965,Tilly,8,8,6,8.0,aprovado
966,Ann-Marie,9,7,6,8.0,aprovado
967,Britni,5,6,7,5.5,reprovado
968,Roxane,9,1,1,5.0,reprovado
969,Justinn,6,9,10,7.5,aprovado
970,Tilly,4,6,8,5.0,reprovado
971,Briney,9,6,4,7.5,aprovado
972,Ariela,9,6,7,7.5,aprovado
973,Imojean,5,1,6,3.0,reprovado
974,Trudie,8,6,5,7.0,aprovado
975,Cassandra,7,5,4,6.0,reprovado
976,Marjie,10,9,5,9.5,aprovado
977,Ivett,4,4,4,4.0,reprovado
978,Marita,1,8,7,4.5,reprovado
979,Blondelle,6,1,3,3.5,reprovado
980,Deedee,5,2,3,3.5,reprovado
981,Constance,6,2,5,4.0,reprovado
982,Caritta,9,1,5,5.0,reprovado
983,Esmeralda,10,5,10,7.5,aprovado
984,Katharina,9,8,5,8.5,aprovado
985,Donetta,7,10,6,8.5,aprovado
986,Winifred,6,9,8,7.5,aprovado
987,Danny,9,9,1,9.0,aprovado
988,Amalie,7,10,1,8.5,aprovado
989,Andree,6,5,2,5.5,reprovado
990,Gwyneth,1,6,8,3.5,reprovado
991,Cordi,6,10,5,8.0,aprovado
992,Kate,9,7,2,8.0,aprovado
993,Lita,4,3,10,3.5,reprovado
994,Emylee,5,10,10,7.5,aprovado
995,Adore,4,3,7,3.5,reprovado
996,Augustine,3,3,9,3.0,reprovado
997,Odessa,9,1,3,5.0,reprovado
998,Joceline,3,6,7,4.5,reprovado
999,Joelly,9,9,10,9.0,aprovado
1000,Cindelyn,7,2,2,4.5,reprovado
